{
	"$schema": "http://schema.management.azure.com/schemas/2015-01-01/deploymentTemplate.json#",
	"contentVersion": "1.0.0.0",
	"parameters": {
		"factoryName": {
			"type": "string",
			"metadata": "Data Factory name"
		},
		"AzureSQLDB": {
			"type": "string"
		},
		"AzureBlobStorage1": {
			"type": "string"
		}
	},
	"variables": {
		"factoryId": "[concat('Microsoft.DataFactory/factories/', parameters('factoryName'))]"
	},
	"resources": [
		{
			"name": "[concat(parameters('factoryName'), '/Pipeline_incremental_Copy_cdc')]",
			"type": "Microsoft.DataFactory/factories/pipelines",
			"apiVersion": "2018-06-01",
			"properties": {
				"description": "Pipeline_incremental_Copy_cdc",
				"activities": [
					{
						"name": "lkp1",
						"type": "Lookup",
						"dependsOn": [],
						"policy": {
							"timeout": "7.00:00:00",
							"retry": 0,
							"retryIntervalInSeconds": 30,
							"secureOutput": false,
							"secureInput": false
						},
						"userProperties": [],
						"typeProperties": {
							"source": {
								"type": "AzureSqlSource",
								"queryTimeout": "02:00:00"
							},
							"dataset": {
								"referenceName": "ChangeTrackingDataset",
								"type": "DatasetReference"
							}
						}
					},
					{
						"name": "lkp2",
						"type": "Lookup",
						"dependsOn": [],
						"policy": {
							"timeout": "7.00:00:00",
							"retry": 0,
							"retryIntervalInSeconds": 30,
							"secureOutput": false,
							"secureInput": false
						},
						"userProperties": [],
						"typeProperties": {
							"source": {
								"type": "AzureSqlSource",
								"sqlReaderQuery": "SELECT CHANGE_TRACKING_CURRENT_VERSION() as CurrentChangeTrackingVersion",
								"queryTimeout": "02:00:00"
							},
							"dataset": {
								"referenceName": "SRC_DATASET",
								"type": "DatasetReference"
							},
							"firstRowOnly": true
						}
					},
					{
						"name": "inc",
						"type": "Copy",
						"dependsOn": [
							{
								"activity": "lkp2",
								"dependencyConditions": [
									"Succeeded"
								]
							},
							{
								"activity": "lkp1",
								"dependencyConditions": [
									"Succeeded"
								]
							}
						],
						"policy": {
							"timeout": "7.00:00:00",
							"retry": 0,
							"retryIntervalInSeconds": 30,
							"secureOutput": false,
							"secureInput": false
						},
						"userProperties": [],
						"typeProperties": {
							"source": {
								"type": "AzureSqlSource",
								"sqlReaderQuery": {
									"value": "select data_source_table.PersonID,data_source_table.Name,data_source_table.Age, CT.SYS_CHANGE_VERSION, SYS_CHANGE_OPERATION from data_source_table RIGHT OUTER JOIN CHANGETABLE(CHANGES data_source_table, @{activity('LookupLastChangeTrackingVersionActivity').output.firstRow.SYS_CHANGE_VERSION}) as CT on data_source_table.PersonID = CT.PersonID where CT.SYS_CHANGE_VERSION <= @{activity('LookupCurrentChangeTrackingVersionActivity').output.firstRow.CurrentChangeTrackingVersion}",
									"type": "Expression"
								},
								"queryTimeout": "02:00:00"
							},
							"sink": {
								"type": "DelimitedTextSink",
								"storeSettings": {
									"type": "AzureBlobStorageWriteSettings"
								},
								"formatSettings": {
									"type": "DelimitedTextWriteSettings",
									"quoteAllText": true,
									"fileExtension": ".txt"
								}
							},
							"enableStaging": false
						},
						"inputs": [
							{
								"referenceName": "SRC_DATASET",
								"type": "DatasetReference"
							}
						],
						"outputs": [
							{
								"referenceName": "Sink_Data_set",
								"type": "DatasetReference"
							}
						]
					},
					{
						"name": "storedproc",
						"type": "SqlServerStoredProcedure",
						"dependsOn": [
							{
								"activity": "inc",
								"dependencyConditions": [
									"Succeeded"
								]
							}
						],
						"policy": {
							"timeout": "7.00:00:00",
							"retry": 0,
							"retryIntervalInSeconds": 30,
							"secureOutput": false,
							"secureInput": false
						},
						"userProperties": [],
						"typeProperties": {
							"storedProcedureName": "[[dbo].[Update_ChangeTracking_Version]",
							"storedProcedureParameters": {
								"CurrentTrackingVersion": {
									"value": {
										"value": "@{activity('LookupCurrentChangeTrackingVersionActivity').output.firstRow.CurrentChangeTrackingVersion}",
										"type": "Expression"
									},
									"type": "Int64"
								},
								"TableName": {
									"value": {
										"value": "@{activity('LookupLastChangeTrackingVersionActivity').output.firstRow.TableName}",
										"type": "Expression"
									},
									"type": "String"
								}
							}
						},
						"linkedServiceName": {
							"referenceName": "[parameters('AzureSQLDB')]",
							"type": "LinkedServiceReference"
						}
					}
				],
				"annotations": []
			},
			"dependsOn": [
				"[concat(variables('factoryId'), '/datasets/ChangeTrackingDataset')]",
				"[concat(variables('factoryId'), '/datasets/SRC_DATASET')]",
				"[concat(variables('factoryId'), '/datasets/Sink_Data_set')]"
			]
		},
		{
			"name": "[concat(parameters('factoryName'), '/ChangeTrackingDataset')]",
			"type": "Microsoft.DataFactory/factories/datasets",
			"apiVersion": "2018-06-01",
			"properties": {
				"linkedServiceName": {
					"referenceName": "[parameters('AzureSQLDB')]",
					"type": "LinkedServiceReference"
				},
				"annotations": [],
				"type": "AzureSqlTable",
				"schema": [
					{
						"name": "TableName",
						"type": "varchar"
					},
					{
						"name": "SYS_CHANGE_VERSION",
						"type": "bigint",
						"precision": 19
					}
				],
				"typeProperties": {
					"schema": "dbo",
					"table": "table_store_ChangeTracking_version"
				}
			},
			"dependsOn": []
		},
		{
			"name": "[concat(parameters('factoryName'), '/SRC_DATASET')]",
			"type": "Microsoft.DataFactory/factories/datasets",
			"apiVersion": "2018-06-01",
			"properties": {
				"linkedServiceName": {
					"referenceName": "[parameters('AzureSQLDB')]",
					"type": "LinkedServiceReference"
				},
				"annotations": [],
				"type": "AzureSqlTable",
				"schema": [],
				"typeProperties": {
					"schema": "dbo",
					"table": "data_source_table"
				}
			},
			"dependsOn": []
		},
		{
			"name": "[concat(parameters('factoryName'), '/Sink_Data_set')]",
			"type": "Microsoft.DataFactory/factories/datasets",
			"apiVersion": "2018-06-01",
			"properties": {
				"linkedServiceName": {
					"referenceName": "[parameters('AzureBlobStorage1')]",
					"type": "LinkedServiceReference"
				},
				"annotations": [],
				"type": "DelimitedText",
				"typeProperties": {
					"location": {
						"type": "AzureBlobStorageLocation",
						"fileName": {
							"value": "/@{CONCAT('Incremental-', pipeline().RunId, '.txt')}",
							"type": "Expression"
						},
						"container": "adftutorial"
					},
					"columnDelimiter": ",",
					"escapeChar": "\\",
					"firstRowAsHeader": true,
					"quoteChar": "\""
				},
				"schema": []
			},
			"dependsOn": []
		}
	]
}