{
	"name": "Employeedatacleanflow",
	"properties": {
		"description": "Employeedatacleanflow",
		"type": "MappingDataFlow",
		"typeProperties": {
			"sources": [
				{
					"dataset": {
						"referenceName": "SRC_CSV_FILE",
						"type": "DatasetReference"
					},
					"name": "Employee"
				}
			],
			"sinks": [
				{
					"dataset": {
						"referenceName": "Target_CSV",
						"type": "DatasetReference"
					},
					"name": "EmployeeClean"
				}
			],
			"transformations": [
				{
					"name": "idextraction"
				}
			],
			"script": "source(output(\n\t\tProp_0 as string,\n\t\t{First Name} as string,\n\t\t{Last Name} as string,\n\t\tGender as string,\n\t\tCountry as string,\n\t\tAge as string,\n\t\tDate as string,\n\t\tId as string,\n\t\tGenderID as string\n\t),\n\tallowSchemaDrift: false,\n\tvalidateSchema: false) ~> Employee\nEmployee derive(GenderID = toInteger(trim(right(GenderID,6),'()'))) ~> idextraction\nidextraction sink(input(\n\t\tColumn_1 as string,\n\t\tColumn_2 as string,\n\t\tColumn_3 as string,\n\t\tColumn_4 as string,\n\t\tColumn_5 as string,\n\t\tColumn_6 as string,\n\t\tColumn_7 as string,\n\t\tColumn_8 as string,\n\t\tColumn_9 as string,\n\t\tColumn_10 as string,\n\t\tColumn_11 as string,\n\t\tColumn_12 as string,\n\t\tColumn_13 as string,\n\t\tColumn_14 as string,\n\t\tColumn_15 as string,\n\t\tColumn_16 as string,\n\t\tColumn_17 as string,\n\t\tColumn_18 as string\n\t),\n\tallowSchemaDrift: true,\n\tvalidateSchema: false,\n\tpartitionFileNames:['Employeeclean.csv'],\n\tpartitionBy('hash', 1),\n\tskipDuplicateMapInputs: true,\n\tskipDuplicateMapOutputs: true) ~> EmployeeClean"
		}
	}
}