{
	"name": "trigger2",
	"properties": {
		"annotations": [],
		"runtimeState": "Started",
		"pipeline": {
			"pipelineReference": {
				"referenceName": "Pipeline_last_Modified_delta_change",
				"type": "PipelineReference"
			},
			"parameters": {
				"windowStart": "@trigger().outputs.windowStartTime",
				"windowEnd": "@trigger().outputs.windowEndTime"
			}
		},
		"type": "TumblingWindowTrigger",
		"typeProperties": {
			"frequency": "Minute",
			"interval": 5,
			"startTime": "2020-06-07T11:08:00Z",
			"delay": "00:00:00",
			"maxConcurrency": 50,
			"retryPolicy": {
				"intervalInSeconds": 30
			},
			"dependsOn": []
		}
	}
}