{
	"name": "trigger1",
	"properties": {
		"annotations": [],
		"runtimeState": "Started",
		"pipelines": [
			{
				"pipelineReference": {
					"referenceName": "Pipeline_Trig_Check",
					"type": "PipelineReference"
				},
				"parameters": {
					"fileName": "@triggerBody().fileName"
				}
			}
		],
		"type": "BlobEventsTrigger",
		"typeProperties": {
			"blobPathBeginsWith": "/input/blobs/",
			"ignoreEmptyBlobs": false,
			"scope": "/subscriptions/44b49070-e92e-4b8d-bed3-46b55b968c80/resourceGroups/RG_Demo/providers/Microsoft.Storage/storageAccounts/demoi0000843",
			"events": [
				"Microsoft.Storage.BlobCreated",
				"Microsoft.Storage.BlobDeleted"
			]
		}
	}
}