{
	"name": "Binary1",
	"properties": {
		"linkedServiceName": {
			"referenceName": "AzureBlobStorage1",
			"type": "LinkedServiceReference"
		},
		"annotations": [],
		"type": "Binary",
		"typeProperties": {
			"location": {
				"type": "AzureBlobStorageLocation",
				"folderPath": {
					"value": "/@{formatDateTime(utcnow(),'yyyy')}/ @{formatDateTime(string(utcnow()),'MM')\n}/@{formatDateTime(utcnow(),'dd')}",
					"type": "Expression"
				},
				"container": "foreachopt"
			}
		}
	},
	"type": "Microsoft.DataFactory/factories/datasets"
}