{
	"name": "ChangeTrackingDataset",
	"properties": {
		"linkedServiceName": {
			"referenceName": "AzureSQLDB",
			"type": "LinkedServiceReference"
		},
		"annotations": [],
		"type": "AzureSqlTable",
		"schema": [
			{
				"name": "TableName",
				"type": "varchar"
			},
			{
				"name": "SYS_CHANGE_VERSION",
				"type": "bigint",
				"precision": 19
			}
		],
		"typeProperties": {
			"schema": "dbo",
			"table": "table_store_ChangeTracking_version"
		}
	},
	"type": "Microsoft.DataFactory/factories/datasets"
}