{
	"name": "output_dataset",
	"properties": {
		"linkedServiceName": {
			"referenceName": "AzureBlobStorage2",
			"type": "LinkedServiceReference"
		},
		"parameters": {
			"fileName": {
				"type": "string"
			}
		},
		"annotations": [],
		"type": "Binary",
		"typeProperties": {
			"location": {
				"type": "AzureBlobStorageLocation",
				"fileName": {
					"value": "@dataset().fileName",
					"type": "Expression"
				},
				"container": "output"
			}
		}
	},
	"type": "Microsoft.DataFactory/factories/datasets"
}