{
	"name": "Output_DB_table",
	"properties": {
		"linkedServiceName": {
			"referenceName": "AzuretargetDB",
			"type": "LinkedServiceReference"
		},
		"parameters": {
			"TABLENAME": {
				"type": "string"
			}
		},
		"annotations": [],
		"type": "AzureSqlTable",
		"schema": [
			{
				"name": "Make",
				"type": "nvarchar"
			},
			{
				"name": "Model",
				"type": "nvarchar"
			},
			{
				"name": "Type",
				"type": "nvarchar"
			},
			{
				"name": "Origin",
				"type": "nvarchar"
			},
			{
				"name": "DriveTrain",
				"type": "nvarchar"
			},
			{
				"name": "Length",
				"type": "decimal",
				"precision": 18,
				"scale": 0
			}
		],
		"typeProperties": {
			"schema": "dbo",
			"table": {
				"value": "@dataset().TABLENAME",
				"type": "Expression"
			}
		}
	},
	"type": "Microsoft.DataFactory/factories/datasets"
}