{
	"name": "Sink_DATASET",
	"properties": {
		"linkedServiceName": {
			"referenceName": "AzureBlobStorage1",
			"type": "LinkedServiceReference"
		},
		"annotations": [],
		"type": "Binary",
		"typeProperties": {
			"location": {
				"type": "AzureBlobStorageLocation",
				"fileName": {
					"value": "@CONCAT('Incremental-', pipeline().RunId, '.txt')",
					"type": "Expression"
				},
				"folderPath": "incchgtracking",
				"container": "adftutorial"
			}
		}
	},
	"type": "Microsoft.DataFactory/factories/datasets"
}