{
	"name": "SQLTable",
	"properties": {
		"linkedServiceName": {
			"referenceName": "AzuretargetDB",
			"type": "LinkedServiceReference"
		},
		"parameters": {
			"TableName": {
				"type": "string"
			},
			"SchemaNae": {
				"type": "string"
			}
		},
		"annotations": [],
		"type": "AzureSqlTable",
		"schema": [],
		"typeProperties": {
			"schema": {
				"value": "@dataset().SchemaNae",
				"type": "Expression"
			},
			"table": {
				"value": "@dataset().TableName",
				"type": "Expression"
			}
		}
	},
	"type": "Microsoft.DataFactory/factories/datasets"
}