{
	"name": "SQLTables",
	"properties": {
		"linkedServiceName": {
			"referenceName": "AzureSQLDB",
			"type": "LinkedServiceReference"
		},
		"parameters": {
			"Table_Name": {
				"type": "string"
			},
			"Schema_Name": {
				"type": "string"
			}
		},
		"annotations": [],
		"type": "AzureSqlTable",
		"schema": [],
		"typeProperties": {
			"schema": {
				"value": "@dataset().Schema_Name",
				"type": "Expression"
			},
			"table": {
				"value": "@dataset().Table_Name",
				"type": "Expression"
			}
		}
	},
	"type": "Microsoft.DataFactory/factories/datasets"
}