{
	"name": "SRC_CSV_FILE",
	"properties": {
		"description": "data about employee details",
		"linkedServiceName": {
			"referenceName": "AzureBlobStorage1",
			"type": "LinkedServiceReference"
		},
		"annotations": [],
		"type": "DelimitedText",
		"typeProperties": {
			"location": {
				"type": "AzureBlobStorageLocation",
				"fileName": "file_example_CSV_5000.csv",
				"container": "containeri0000843"
			},
			"columnDelimiter": ",",
			"escapeChar": "\\",
			"firstRowAsHeader": true,
			"quoteChar": "\""
		},
		"schema": [
			{
				"name": "Prop_0",
				"type": "String"
			},
			{
				"name": "First Name",
				"type": "String"
			},
			{
				"name": "Last Name",
				"type": "String"
			},
			{
				"name": "Gender",
				"type": "String"
			},
			{
				"name": "Country",
				"type": "String"
			},
			{
				"name": "Age",
				"type": "String"
			},
			{
				"name": "Date",
				"type": "String"
			},
			{
				"name": "Id",
				"type": "String"
			},
			{
				"name": "GenderID",
				"type": "String"
			}
		]
	},
	"type": "Microsoft.DataFactory/factories/datasets"
}