{
	"name": "AZ_COPY_FILE_MOVIES",
	"properties": {
		"description": "AZ_COPY_FILE_MOVIES",
		"activities": [
			{
				"name": "Copy data1",
				"type": "Copy",
				"dependsOn": [],
				"policy": {
					"timeout": "7.00:00:00",
					"retry": 0,
					"retryIntervalInSeconds": 30,
					"secureOutput": false,
					"secureInput": false
				},
				"userProperties": [],
				"typeProperties": {
					"source": {
						"type": "DelimitedTextSource",
						"storeSettings": {
							"type": "AzureBlobStorageReadSettings",
							"recursive": false,
							"wildcardFileName": {
								"value": "@pipeline().parameters.filename",
								"type": "Expression"
							},
							"enablePartitionDiscovery": false
						},
						"formatSettings": {
							"type": "DelimitedTextReadSettings"
						}
					},
					"sink": {
						"type": "AzureSqlSink",
						"disableMetricsCollection": false
					},
					"enableStaging": false,
					"translator": {
						"type": "TabularTranslator",
						"mappings": [
							{
								"source": {
									"name": "movieId",
									"type": "String"
								},
								"sink": {
									"name": "movieId",
									"type": "Int32"
								}
							},
							{
								"source": {
									"name": "title",
									"type": "String"
								},
								"sink": {
									"name": "title",
									"type": "String"
								}
							},
							{
								"source": {
									"name": "genres",
									"type": "String"
								},
								"sink": {
									"name": "genres",
									"type": "String"
								}
							}
						]
					}
				},
				"inputs": [
					{
						"referenceName": "DTASET1",
						"type": "DatasetReference",
						"parameters": {
							"filename": {
								"value": "@pipeline().parameters.filename",
								"type": "Expression"
							}
						}
					}
				],
				"outputs": [
					{
						"referenceName": "AzuretargetDB",
						"type": "DatasetReference"
					}
				]
			}
		],
		"parameters": {
			"filename": {
				"type": "string"
			}
		},
		"annotations": []
	},
	"type": "Microsoft.DataFactory/factories/pipelines"
}