{
	"name": "AZ_JB_CPY_FILE",
	"properties": {
		"description": "AZ_JB_CPY_FILE",
		"activities": [
			{
				"name": "Copy data1",
				"type": "Copy",
				"dependsOn": [],
				"policy": {
					"timeout": "7.00:00:00",
					"retry": 0,
					"retryIntervalInSeconds": 30,
					"secureOutput": false,
					"secureInput": false
				},
				"userProperties": [
					{
						"name": "Source",
						"value": "containeri0000843//"
					},
					{
						"name": "Destination",
						"value": "containeri0000843target//"
					}
				],
				"typeProperties": {
					"source": {
						"type": "BinarySource",
						"storeSettings": {
							"type": "AzureBlobStorageReadSettings",
							"recursive": true,
							"modifiedDatetimeStart": {
								"value": "@addseconds(utcnow(),-5531)",
								"type": "Expression"
							}
						},
						"formatSettings": {
							"type": "BinaryReadSettings"
						}
					},
					"sink": {
						"type": "BinarySink",
						"storeSettings": {
							"type": "AzureBlobStorageWriteSettings"
						}
					},
					"enableStaging": false,
					"validateDataConsistency": false
				},
				"inputs": [
					{
						"referenceName": "Binary1",
						"type": "DatasetReference",
						"parameters": {
							"File_Name": "10000"
						}
					}
				],
				"outputs": [
					{
						"referenceName": "Binary2",
						"type": "DatasetReference"
					}
				]
			}
		],
		"annotations": [
			"Azure job copies file from pone location to other"
		]
	},
	"type": "Microsoft.DataFactory/factories/pipelines"
}