{
	"name": "AZ_JB_CPY_FILE_SUB_FOLDER",
	"properties": {
		"description": "AZ_JB_CPY_FILE_SUB_FOLDER",
		"activities": [
			{
				"name": "Get Metadata1",
				"type": "GetMetadata",
				"dependsOn": [],
				"policy": {
					"timeout": "7.00:00:00",
					"retry": 0,
					"retryIntervalInSeconds": 30,
					"secureOutput": false,
					"secureInput": false
				},
				"userProperties": [],
				"typeProperties": {
					"dataset": {
						"referenceName": "Binary1",
						"type": "DatasetReference",
						"parameters": {
							"File_Name": "10000"
						}
					},
					"fieldList": [
						"lastModified"
					],
					"storeSettings": {
						"type": "AzureBlobStorageReadSettings",
						"recursive": true
					},
					"formatSettings": {
						"type": "BinaryReadSettings"
					}
				}
			}
		],
		"annotations": []
	},
	"type": "Microsoft.DataFactory/factories/pipelines"
}