{
	"name": "AZ_JB_Pipeline_delete",
	"properties": {
		"description": "AZ_JB_Pipeline_delete",
		"activities": [
			{
				"name": "Delete1",
				"type": "Delete",
				"dependsOn": [],
				"policy": {
					"timeout": "7.00:00:00",
					"retry": 0,
					"retryIntervalInSeconds": 30,
					"secureOutput": false,
					"secureInput": false
				},
				"userProperties": [],
				"typeProperties": {
					"dataset": {
						"referenceName": "Binary3_SRC",
						"type": "DatasetReference",
						"parameters": {
							"file": {
								"value": "@pipeline().parameters.file",
								"type": "Expression"
							}
						}
					},
					"enableLogging": false,
					"storeSettings": {
						"type": "AzureBlobStorageReadSettings",
						"recursive": false,
						"wildcardFileName": {
							"value": "@{pipeline().parameters.file}",
							"type": "Expression"
						}
					}
				}
			}
		],
		"parameters": {
			"file": {
				"type": "string"
			}
		},
		"annotations": []
	},
	"type": "Microsoft.DataFactory/factories/pipelines"
}