{
	"name": "Pipeline_Trig_Check",
	"properties": {
		"description": "Pipeline_Trig_Check",
		"activities": [
			{
				"name": "Copy data1",
				"type": "Copy",
				"dependsOn": [],
				"policy": {
					"timeout": "7.00:00:00",
					"retry": 0,
					"retryIntervalInSeconds": 30,
					"secureOutput": false,
					"secureInput": false
				},
				"userProperties": [],
				"typeProperties": {
					"source": {
						"type": "BinarySource",
						"storeSettings": {
							"type": "AzureBlobStorageReadSettings",
							"recursive": false
						}
					},
					"sink": {
						"type": "BinarySink",
						"storeSettings": {
							"type": "AzureBlobStorageWriteSettings"
						}
					},
					"enableStaging": false,
					"skipErrorFile": {
						"fileMissing": true
					},
					"validateDataConsistency": false
				},
				"inputs": [
					{
						"referenceName": "ingest",
						"type": "DatasetReference",
						"parameters": {
							"fileName": {
								"value": "@pipeline().parameters.fileName",
								"type": "Expression"
							}
						}
					}
				],
				"outputs": [
					{
						"referenceName": "output",
						"type": "DatasetReference"
					}
				]
			}
		],
		"parameters": {
			"fileName": {
				"type": "string"
			}
		},
		"annotations": []
	},
	"type": "Microsoft.DataFactory/factories/pipelines"
}