{
	"name": "Pipeline_CDC",
	"properties": {
		"activities": [
			{
				"name": "Full Copy Acticity",
				"type": "Copy",
				"dependsOn": [],
				"policy": {
					"timeout": "7.00:00:00",
					"retry": 0,
					"retryIntervalInSeconds": 30,
					"secureOutput": false,
					"secureInput": false
				},
				"userProperties": [],
				"typeProperties": {
					"source": {
						"type": "AzureSqlSource",
						"queryTimeout": "02:00:00"
					},
					"sink": {
						"type": "DelimitedTextSink",
						"storeSettings": {
							"type": "AzureBlobStorageWriteSettings"
						},
						"formatSettings": {
							"type": "DelimitedTextWriteSettings",
							"quoteAllText": true,
							"fileExtension": ".txt"
						}
					},
					"enableStaging": false
				},
				"inputs": [
					{
						"referenceName": "SRC_DATASET",
						"type": "DatasetReference"
					}
				],
				"outputs": [
					{
						"referenceName": "Sink_Data_set",
						"type": "DatasetReference"
					}
				]
			}
		],
		"annotations": []
	},
	"type": "Microsoft.DataFactory/factories/pipelines"
}