{
	"name": "Pipeline_Incremental_Load",
	"properties": {
		"activities": [
			{
				"name": "Copy_46c",
				"type": "Copy",
				"dependsOn": [],
				"policy": {
					"timeout": "7.00:00:00",
					"retry": 0,
					"retryIntervalInSeconds": 30,
					"secureOutput": false,
					"secureInput": false
				},
				"userProperties": [
					{
						"name": "Source",
						"value": "containeri0000843src//"
					},
					{
						"name": "Destination",
						"value": "containeri0000843target//"
					}
				],
				"typeProperties": {
					"source": {
						"type": "BinarySource",
						"storeSettings": {
							"type": "AzureBlobStorageReadSettings",
							"recursive": false,
							"modifiedDatetimeStart": {
								"value": "@pipeline().parameters.windowStart",
								"type": "Expression"
							},
							"modifiedDatetimeEnd": {
								"value": "@pipeline().parameters.windowEnd",
								"type": "Expression"
							},
							"wildcardFileName": "*"
						},
						"formatSettings": {
							"type": "BinaryReadSettings"
						}
					},
					"sink": {
						"type": "BinarySink",
						"storeSettings": {
							"type": "AzureBlobStorageWriteSettings"
						}
					},
					"enableStaging": false,
					"enableSkipIncompatibleRow": false,
					"skipErrorFile": {
						"fileMissing": true
					},
					"validateDataConsistency": false
				},
				"inputs": [
					{
						"referenceName": "SourceDataset_46c",
						"type": "DatasetReference"
					}
				],
				"outputs": [
					{
						"referenceName": "DestinationDataset_46c",
						"type": "DatasetReference"
					}
				]
			}
		],
		"parameters": {
			"windowStart": {
				"type": "String"
			},
			"windowEnd": {
				"type": "String"
			}
		},
		"annotations": []
	},
	"type": "Microsoft.DataFactory/factories/pipelines"
}