{
	"name": "Pipeline_incremental_Copy_cdc",
	"properties": {
		"description": "Pipeline_incremental_Copy_cdc",
		"activities": [
			{
				"name": "lkp1",
				"type": "Lookup",
				"dependsOn": [],
				"policy": {
					"timeout": "7.00:00:00",
					"retry": 0,
					"retryIntervalInSeconds": 30,
					"secureOutput": false,
					"secureInput": false
				},
				"userProperties": [],
				"typeProperties": {
					"source": {
						"type": "AzureSqlSource",
						"queryTimeout": "02:00:00"
					},
					"dataset": {
						"referenceName": "ChangeTrackingDataset",
						"type": "DatasetReference"
					}
				}
			},
			{
				"name": "lkp2",
				"type": "Lookup",
				"dependsOn": [],
				"policy": {
					"timeout": "7.00:00:00",
					"retry": 0,
					"retryIntervalInSeconds": 30,
					"secureOutput": false,
					"secureInput": false
				},
				"userProperties": [],
				"typeProperties": {
					"source": {
						"type": "AzureSqlSource",
						"sqlReaderQuery": "SELECT CHANGE_TRACKING_CURRENT_VERSION() as CurrentChangeTrackingVersion",
						"queryTimeout": "02:00:00"
					},
					"dataset": {
						"referenceName": "SRC_DATASET",
						"type": "DatasetReference"
					},
					"firstRowOnly": true
				}
			},
			{
				"name": "inc",
				"type": "Copy",
				"dependsOn": [
					{
						"activity": "lkp2",
						"dependencyConditions": [
							"Succeeded"
						]
					},
					{
						"activity": "lkp1",
						"dependencyConditions": [
							"Succeeded"
						]
					}
				],
				"policy": {
					"timeout": "7.00:00:00",
					"retry": 0,
					"retryIntervalInSeconds": 30,
					"secureOutput": false,
					"secureInput": false
				},
				"userProperties": [],
				"typeProperties": {
					"source": {
						"type": "AzureSqlSource",
						"sqlReaderQuery": {
							"value": "select data_source_table.PersonID,data_source_table.Name,data_source_table.Age, CT.SYS_CHANGE_VERSION, SYS_CHANGE_OPERATION from data_source_table RIGHT OUTER JOIN CHANGETABLE(CHANGES data_source_table, @{activity('lkp1').output.firstRow.SYS_CHANGE_VERSION}) as CT on data_source_table.PersonID = CT.PersonID where CT.SYS_CHANGE_VERSION <= @{activity('lkp2').output.firstRow.CurrentChangeTrackingVersion}",
							"type": "Expression"
						},
						"queryTimeout": "02:00:00"
					},
					"sink": {
						"type": "DelimitedTextSink",
						"storeSettings": {
							"type": "AzureBlobStorageWriteSettings"
						},
						"formatSettings": {
							"type": "DelimitedTextWriteSettings",
							"quoteAllText": true,
							"fileExtension": ".txt"
						}
					},
					"enableStaging": false
				},
				"inputs": [
					{
						"referenceName": "SRC_DATASET",
						"type": "DatasetReference"
					}
				],
				"outputs": [
					{
						"referenceName": "Sink_Data_set",
						"type": "DatasetReference"
					}
				]
			},
			{
				"name": "storedproc",
				"type": "SqlServerStoredProcedure",
				"dependsOn": [
					{
						"activity": "inc",
						"dependencyConditions": [
							"Succeeded"
						]
					}
				],
				"policy": {
					"timeout": "7.00:00:00",
					"retry": 0,
					"retryIntervalInSeconds": 30,
					"secureOutput": false,
					"secureInput": false
				},
				"userProperties": [],
				"typeProperties": {
					"storedProcedureName": "[dbo].[Update_ChangeTracking_Version]",
					"storedProcedureParameters": {
						"CurrentTrackingVersion": {
							"value": {
								"value": "@{activity('lkp2').output.firstRow.CurrentChangeTrackingVersion}",
								"type": "Expression"
							},
							"type": "Int64"
						},
						"TableName": {
							"value": {
								"value": "@{activity('lkp1').output.firstRow.TableName}",
								"type": "Expression"
							},
							"type": "String"
						}
					}
				},
				"linkedServiceName": {
					"referenceName": "AzureSQLDB",
					"type": "LinkedServiceReference"
				}
			}
		],
		"annotations": []
	},
	"type": "Microsoft.DataFactory/factories/pipelines"
}