{
	"name": "Pipeline_scd_type1",
	"properties": {
		"description": "Pipeline_scd_type1",
		"activities": [
			{
				"name": "Copy data1",
				"type": "Copy",
				"dependsOn": [],
				"policy": {
					"timeout": "7.00:00:00",
					"retry": 0,
					"retryIntervalInSeconds": 30,
					"secureOutput": false,
					"secureInput": false
				},
				"userProperties": [],
				"typeProperties": {
					"source": {
						"type": "AzureTableSource",
						"azureTableSourceIgnoreTableNotFound": false
					},
					"sink": {
						"type": "AzureSqlSink",
						"tableOption": "autoCreate"
					},
					"enableStaging": false
				},
				"inputs": [
					{
						"referenceName": "AzureTable_blob_storage",
						"type": "DatasetReference"
					}
				],
				"outputs": [
					{
						"referenceName": "AzureDB",
						"type": "DatasetReference"
					}
				]
			}
		],
		"annotations": []
	},
	"type": "Microsoft.DataFactory/factories/pipelines"
}