{
	"name": "Pipeine_Append_variable_activity",
	"properties": {
		"description": "Pipeine_Append_variable_activity",
		"activities": [
			{
				"name": "Append variable1",
				"type": "AppendVariable",
				"dependsOn": [],
				"userProperties": [],
				"typeProperties": {
					"variableName": "ListofFiles",
					"value": {
						"value": "@pipeline().Pipeline",
						"type": "Expression"
					}
				}
			}
		],
		"parameters": {
			"fileName": {
				"type": "string"
			}
		},
		"variables": {
			"ListofFiles": {
				"type": "Array"
			}
		},
		"annotations": []
	},
	"type": "Microsoft.DataFactory/factories/pipelines"
}