{
	"name": "Pipeline_Load_Data_Sub_Folder",
	"properties": {
		"description": "Pipeline_Load_Data_Sub_Folder",
		"activities": [
			{
				"name": "Copy data1",
				"type": "Copy",
				"dependsOn": [],
				"policy": {
					"timeout": "7.00:00:00",
					"retry": 0,
					"retryIntervalInSeconds": 30,
					"secureOutput": false,
					"secureInput": false
				},
				"userProperties": [],
				"typeProperties": {
					"source": {
						"type": "BinarySource",
						"storeSettings": {
							"type": "AzureBlobStorageReadSettings",
							"recursive": true
						},
						"formatSettings": {
							"type": "BinaryReadSettings"
						}
					},
					"sink": {
						"type": "BinarySink",
						"storeSettings": {
							"type": "AzureBlobStorageWriteSettings"
						}
					},
					"enableStaging": false,
					"skipErrorFile": {
						"fileMissing": true
					},
					"validateDataConsistency": false
				},
				"inputs": [
					{
						"referenceName": "inp",
						"type": "DatasetReference"
					}
				],
				"outputs": [
					{
						"referenceName": "Binary1",
						"type": "DatasetReference"
					}
				]
			}
		],
		"annotations": []
	},
	"type": "Microsoft.DataFactory/factories/pipelines"
}