{
	"name": "Pipeline_data_move_Azure_data_lake_src_to_Table",
	"properties": {
		"description": "adls file to table movement(within)",
		"activities": [
			{
				"name": "Copy data1",
				"type": "Copy",
				"dependsOn": [],
				"policy": {
					"timeout": "7.00:00:00",
					"retry": 0,
					"retryIntervalInSeconds": 30,
					"secureOutput": false,
					"secureInput": false
				},
				"userProperties": [],
				"typeProperties": {
					"source": {
						"type": "DelimitedTextSource",
						"storeSettings": {
							"type": "AzureBlobFSReadSettings",
							"recursive": true,
							"wildcardFileName": "movies.csv",
							"enablePartitionDiscovery": false
						},
						"formatSettings": {
							"type": "DelimitedTextReadSettings"
						}
					},
					"sink": {
						"type": "AzureTableSink",
						"azureTableInsertType": "replace",
						"writeBatchSize": 10000
					},
					"enableStaging": false
				},
				"inputs": [
					{
						"referenceName": "DelimitedText1",
						"type": "DatasetReference"
					}
				],
				"outputs": [
					{
						"referenceName": "AzureTable1",
						"type": "DatasetReference"
					}
				]
			}
		],
		"annotations": []
	},
	"type": "Microsoft.DataFactory/factories/pipelines"
}