{
	"name": "Pipeline_last_Modified_delta_change",
	"properties": {
		"description": "Pipeline_last_Modified_delta_change",
		"activities": [
			{
				"name": "Copy data1",
				"type": "Copy",
				"dependsOn": [],
				"policy": {
					"timeout": "7.00:00:00",
					"retry": 0,
					"retryIntervalInSeconds": 30,
					"secureOutput": false,
					"secureInput": false
				},
				"userProperties": [],
				"typeProperties": {
					"source": {
						"type": "BinarySource",
						"storeSettings": {
							"type": "AzureBlobStorageReadSettings",
							"recursive": true,
							"modifiedDatetimeStart": {
								"value": "@pipeline().parameters.windowStart",
								"type": "Expression"
							},
							"modifiedDatetimeEnd": {
								"value": "@pipeline().parameters.windowEnd",
								"type": "Expression"
							}
						},
						"formatSettings": {
							"type": "BinaryReadSettings"
						}
					},
					"sink": {
						"type": "BinarySink",
						"storeSettings": {
							"type": "AzureBlobStorageWriteSettings"
						}
					},
					"enableStaging": false,
					"skipErrorFile": {
						"fileMissing": true
					},
					"validateDataConsistency": false
				},
				"inputs": [
					{
						"referenceName": "src_delta_Dataset",
						"type": "DatasetReference"
					}
				],
				"outputs": [
					{
						"referenceName": "delta_tgt_Dataset",
						"type": "DatasetReference"
					}
				]
			}
		],
		"parameters": {
			"windowStart": {
				"type": "string"
			},
			"windowEnd": {
				"type": "string"
			}
		},
		"annotations": []
	},
	"type": "Microsoft.DataFactory/factories/pipelines"
}